<?xml version="1.0"?>
	<addon scheme="2.0">
		<id>merchantplus</id>
		<name>MerchantPlus</name>
		<copyright>MerchantPlus</copyright>
		<authorEmail>support@merchantplus.com</authorEmail>
		<version>1.0.0</version>
		<description>MerchantPlus couples powerful credit card, bank and mobile payment acquiring with its NaviGate processing.</description>
		<priority>1</priority>
		<dependencies></dependencies>
		<queries>
			<item for="install">
        INSERT INTO `?:payment_processors` (`processor_id`, `processor`, `processor_script`, `processor_template`, `admin_template`, `callback`, `type`) VALUES 
        ('', 'Merchant Plus', 'merchantplus.php', 'views/orders/components/payments/cc.tpl', 'merchantplus.tpl', 'N', 'P')
			</item>
			<item for="uninstall">DELETE FROM ?:payment_processors WHERE processor = 'Merchant Plus'</item>
		</queries>
	</addon>
